<?xml version="1.0" encoding="UTF-8"?>
<project-private xmlns="http://www.netbeans.org/ns/project-private/1">
    <editor-bookmarks xmlns="http://www.netbeans.org/ns/editor-bookmarks/2" lastBookmarkId="0"/>
    <open-files xmlns="http://www.netbeans.org/ns/projectui-open-files/2">
        <group>
            <file>file:/D:/10000127351/CMP%20553%20-%20Analysis,%20Modeling%20and%20Design/Term%20Project/Supermarket%20Terminal/src/Terminals/AccessConnector.java</file>
            <file>file:/D:/10000127351/CMP%20553%20-%20Analysis,%20Modeling%20and%20Design/Term%20Project/Supermarket%20Terminal/src/Terminals/SelfCheckoutTerminal.java</file>
            <file>file:/D:/10000127351/CMP%20553%20-%20Analysis,%20Modeling%20and%20Design/Term%20Project/Supermarket%20Terminal/src/Terminals/ManagerTerminal.java</file>
        </group>
    </open-files>
</project-private>
